Workbook

Sheet X1
A1: Sr.No | B1: Component | C1: Internal Part Number | D1: Part Type | E1: DP non GST | F1: Cust. Price (Non GST) | G1: GST % | H1: Cust. (Inc GST) | I1: Dealer Price | J1: % margin | K1: MRP
A2: 1 | B2: Headset | C2: 300000-EM01-A100 | D2: Mechanical | E2: 145 | F2: 202.34375 | G2: 0.28 | H2: 259 | I2: 185.6 | J2: 0.39547414 | K2: 499
A3: 2 | B3: Handlebar | C3: 330000-EM01-A100 | D3: Mechanical | E3: 220 | F3: 390.625 | G3: 0.28 | H3: 500 | I3: 281.6 | J3: 0.77556818 | K3: 999
A4: 3 | B4: Handle stem | C4: 320000-EM01-A100 | D4: Mechanical | E4: 176 | F4: 205.46875 | G4: 0.28 | H4: 263 | I4: 225.28 | J4: 0.16743608 | K4: 449
A5: 4 | B5: Front Hub | C5: 600001-EM01-A100 | D5: Mechanical | E5: 210 | F5: 272.65625 | G5: 0.28 | H5: 349 | I5: 268.8 | J5: 0.2983631 | K5: 499
A6: 5 | B6: Tube | C6: 600007-EM01-A100 | D6: Mechanical | E6: 163 | F6: 253.90625 | G6: 0.28 | H6: 325 | I6: 208.64 | J6: 0.55770706 | K6: 490
A7: 6 | B7: Tyre | C7: 600008-EM01-A100 | D7: Mechanical | E7: 540 | F7: 663.28125 | G7: 0.28 | H7: 849 | I7: 691.2 | J7: 0.22829861 | K7: 999
A8: 7 | B8: Bottom Bracket | C8: 470000-EM01-A100 | D8: Mechanical | E8: 200 | F8: 272.65625 | G8: 0.28 | H8: 349 | I8: 256 | J8: 0.36328125 | K8: 799
A9: 8 | B9: Crank Set | C9: 460000-EM01-A100 | D9: Mechanical | E9: 383.2 | F9: 452.34375 | G9: 0.28 | H9: 579 | I9: 490.496 | J9: 0.18043776 | K9: 1499
A10: 9 | B10: Pedal set | C10: 411000-EM01-A100 | D10: Mechanical | E10: 136 | F10: 233.59375 | G10: 0.28 | H10: 299 | I10: 174.08 | J10: 0.7176011 | K10: 799
A11: 10 | B11: Freewheel | C11: 480000-EM01-A100 | D11: Mechanical | E11: 120 | F11: 155.46875 | G11: 0.28 | H11: 199 | I11: 153.6 | J11: 0.29557292 | K11: 349
A12: 11 | B12: Chain | C12: 490000-EM01-A100 | D12: Mechanical | E12: 92.8 | F12: 155.46875 | G12: 0.28 | H12: 199 | I12: 118.784 | J12: 0.67530981 | K12: 299
A13: 12 | B13: Kickstand | C13: 170000-EM01-A100 | D13: Mechanical | E13: 119.36 | F13: 194.53125 | G13: 0.28 | H13: 249 | I13: 152.7808 | J13: 0.62978594 | K13: 599
... A25: 24 | B25: Brake pads | C25: 250000-M042-A100 | D25: Mechanical | E25: 120 | F25: 233.59375 | G25: 0.28 | H25: 299 | I25: 153.6 | J25: 0.94661458 | K25: 399

Sheet T-Rex+
A1: S.No. | B1: Part Description | C1: Internal Part Number | D1: Part Type | E1: DP ( w/o GST) | F1: CP ( W/O GST) | G1: GST % | H1: Cust. (Inc GST) | I1: Dealer Price | J1: % margin | K1: MRP
A2: 1 | B2: Bottom Bracket | C2: 470000-M006-A100 | D2: Mechanical | E2: 249.48 | F2: 311.71875 | G2: 0.28 | H2: 399 | I2: 319.3344 | J2: =(H2-I2)/I2 -> 0.24947391 | K2: 499
A3: 2 | B3: Headset | C3: 300000-M042-A100 | D3: Mechanical | E3: 166.14281 | F3: 233.59375 | G3: 0.28 | H3: 299 | I3: 212.6628 | J3: =(H3-I3)/I3 -> 0.40598168 | K3: 499
A4: 3 | B4: Brake Disc | C4: 240000-M042-A100 | D4: Mechanical | E4: 180 | F4: 233.59375 | G4: 0.28 | H4: 299 | I4: 230.4 | J4: =(H4-I4)/I4 -> 0.29774306 | K4: 499
A5: 4 | B5: Front Brake Caliper Assy Square | C5: 200000-M042-A100 | D5: Mechanical | E5: 425 | F5: 546.09375 | G5: 0.28 | H5: 699 | I5: 544 | J5: =(H5-I5)/I5 -> 0.28492647 | K5: 1299
A6: 5 | B6: Rear Brake Caliper Assy Square | C6: 210000-M042-A100 | D6: Mechanical | E6: 425 | F6: 546.09375 | G6: 0.28 | H6: 699 | I6: 544 | J6: =(H6-I6)/I6 -> 0.28492647 | K6: 1299
A7: 6 | B7: Brake Pad Round | C7: TM006031010 | D7: Mechanical | E7: 120 | F7: 233.59375 | G7: 0.28 | H7: 299 | I7: 153.6 | J7: =(H7-I7)/I7 -> 0.94661458 | K7: 399
A8: 7 | B8: Brake pad Square | C8: 250000-M042-A100 | D8: Mechanical | E8: 120 | F8: 233.59375 | G8: 0.28 | H8: 299 | I8: 153.6 | J8: =(H8-I8)/I8 -> 0.94661458 | K8: 399
A9: 8 | B9: Crank T-42 P | C9: 460000-M006-A100 | D9: Mechanical | E9: 823.2 | F9: 972.65625 | G9: 0.28 | H9: 1245 | I9: 1053.696 | J9: =(H9-I9)/I9 -> 0.18155521 | K9: 1599
A10: 9 | B10: Freewheel 7 Speed | C10: 480000-M042-A100 | D10: Mechanical | E10: 283.59375 | F10: 371.09375 | G10: 0.28 | H10: 475 | I10: 363 | J10: =(H10-I10)/I10 -> 0.30853994 | K10: 799
A11: 10 | B11: Chain | C11: 490000-M006-A100 | D11: Mechanical | E11: 135.744 | F11: 194.53125 | G11: 0.28 | H11: 249 | I11: 173.75232 | J11: =(H11-I11)/I11 -> 0.43307439 | K11: 349
A12: 11 | B12: Rear Derailleur - Tourney | C12: 400000-M006-A100 | D12: Mechanical | E12: 1306.368 | F12: 1522.6562 | G12: 0.28 | H12: 1949 | I12: 1672.151 | J12: =(H12-I12)/I12 -> 0.16556457 | K12: 2799
A13: 12 | B13: Rear Derailleur Hanger | C13: 110000-M042-A100 | D13: Mechanical | E13: 144 | F13: 194.53125 | G13: 0.28 | H13: 249 | I13: 184.32 | J13: =(H13-I13)/I13 -> 0.35091146 | K13: 399
... A26: 33 | B26: Side Stand | C26: 170000-M006-A200 | D26: Mechanical | E26: 160 | F26: 233.59375 | G26: 0.28 | H26: 299 | I26: 204.8 | J26: =(H26-I26)/I26 -> 0.45996094 | K26: 799
A27: 19 | B27: Controller X031-AA027 | D27: Electrical | E27: 2041 | F27: 2342.9688 | G27: 0.28 | H27: 2999 | I27: 2612.48 | J27: =(H27-I27)/I27 -> 0.14795137 | K27: 3999
A28: 20 | B28: Display Stem | C28: 390000-M006-B200 | D28: Electrical | E28: 1493.8859 | F28: 1717.9688 | G28: 0.28 | H28: 2199 | I28: 1912.1739 | J28: =(H28-I28)/I28 -> 0.15 | K28: 2799
A29: 21 | B29: Half Throttle | C29: 500000-M042-A100 | D29: Electrical | E29: 610.7337 | F29: 702.34375 | G29: 0.28 | H29: 899 | I29: 781.73913 | J29: =(H29-I29)/I29 -> 0.15 | K29: 1099
A30: 22 | B30: Pedal Assist Sensor | C30: 590000-M042-A100 | D30: Electrical | E30: 509 | F30: 585.15625 | G30: 0.28 | H30: 749 | I30: 651.52 | J30: =(H30-I30)/I30 -> 0.14961935 | K30: 999
A31: 23 | B31: Rear motor | C31: 511000-M006-A200 | D31: Electrical | E31: 4975 | F31: 5780.4688 | G31: 0.28 | H31: 7399 | I31: 6368 | J31: =(H31-I31)/I31 -> 0.16190327 | K31: 8499
A32: 24 | B32: Left Side Brake Lever | C32: 520000-M006-A100 | D32: Electrical | E32: 193 | F32: 233.59375 | G32: 0.28 | H32: 299 | I32: 247.04 | J32: =(H32-I32)/I32 -> 0.21033031 | K32: 399
A33: 25 | B33: Right Side Brake Lever | C33: 530000-M006-A100 | D33: Electrical | E33: 193 | F33: 233.59375 | G33: 0.28 | H33: 299 | I33: 247.04 | J33: =(H33-I33)/I33 -> 0.21033031 | K33: 399

Sheet Battery 
A1: Sr.No | B1: Battery Name | C1: Internal Part Number | D1: DP | E1: Customer | F1: GST | G1: DP+GST | H1: Cust + GST | I1: % margin | J1: MRP
A2: 1 | B2: X Series 7.65 | C2: 570000-EM01-A100 | D2: 7000 | E2: 8050 | F2: 0.18 | G2: 8260 | H2: 9499 | I2: =(H2-G2)/G2 -> 0.15 | J2: 13500
A3: 2 | B3: Doodle 12.75 Ah | C3: 570000-F032-A100 | D3: 9947.6787 | E3: 11439.831 | F3: 0.18 | G3: 11738.261 | H3: 13499 | I3: 0.15 | J3: 20000
A4: 3 | B4: EMX 13aH | C4: 570000-M042-A100 | D4: 9947.6787 | E4: 11439.831 | F4: 0.18 | G4: 11738.261 | H4: 13499 | I4: 0.15 | J4: 20000
A5: 4 | B5: Trex 10.4 | D5: 8842.2992 | E5: 10168.644 | F5: 0.18 | G5: 10433.913 | H5: 11999 | I5: 0.15 | J5: 18500
A6: 5 | B6: 13 Ah | C6: 570000-M042-A100 | D6: 9947.6787 | E6: 11439.831 | F6: 0.18 | G6: 11738.261 | H6: 13499 | I6: 0.15 | J6: 20000
A7: 6 | B7: Charger | C7: 580000-M042-A100 | D7: 1563.8853 | E7: 2033.0508 | F7: 0.18 | G7: 1845.3846 | H7: 2399 | I7: 0.3 | J7: 3999

Sheet X2
A1: Sr.No | B1: Component | C1: Internal Part Number | D1: Part Type | E1: DP non GST | F1: Cust. Price (Non GST) | G1: GST | H1: DP GST | I1: Cust GST | J1: % margin | K1: MRP
A2: 1 | B2: Headset | C2: 300000-EM01-A100 | D2: Mechanical | E2: 145 | F2: 202.34375 | G2: =vlookup($B2,'X1'!$B:$K,6,0) -> 0.28 | H2: =E2*(1+G2) -> 185.6 | I2: =F2*(1+G2) -> 259 | J2: =(F2-E2)/E2 -> 0.39547414 | K2: 499
A3: 2 | B3: Handlebar | C3: 330000-EM01-A100 | D3: Mechanical | E3: 220 | F3: 390.625 | G3: =vlookup($B3,'X1'!$B:$K,6,0) -> 0.28 | H3: =E3*(1+G3) -> 281.6 | I3: =F3*(1+G3) -> 500 | J3: =(F3-E3)/E3 -> 0.77556818 | K3: 999
A4: 3 | B4: Handle Stem | C4: 320000-EM01-A100 | D4: Mechanical | E4: 176 | F4: 205.46875 | G4: =vlookup($B4,'X1'!$B:$K,6,0) -> 0.28 | H4: =E4*(1+G4) -> 225.28 | I4: =F4*(1+G4) -> 263 | J4: =(F4-E4)/E4 -> 0.16743608 | K4: 449
A5: 4 | B5: Front Hub | C5: 600001-EM01-A100 | D5: Mechanical | E5: 210 | F5: 272.65625 | G5: =vlookup($B5,'X1'!$B:$K,6,0) -> 0.28 | H5: =E5*(1+G5) -> 268.8 | I5: =F5*(1+G5) -> 349 | J5: =(F5-E5)/E5 -> 0.2983631 | K5: 499
A6: 5 | B6: Tube | C6: 600007-EM01-A100 | D6: Mechanical | E6: 163 | F6: 253.90625 | G6: =vlookup($B6,'X1'!$B:$K,6,0) -> 0.28 | H6: =E6*(1+G6) -> 208.64 | I6: =F6*(1+G6) -> 325 | J6: =(F6-E6)/E6 -> 0.55770706 | K6: 490
A7: 6 | B7: Tyre | C7: 600008-EM01-A100 | D7: Mechanical | E7: 540 | F7: 663.28125 | G7: =vlookup($B7,'X1'!$B:$K,6,0) -> 0.28 | H7: =E7*(1+G7) -> 691.2 | I7: =F7*(1+G7) -> 849 | J7: =(F7-E7)/E7 -> 0.22829861 | K7: 999
A8: 7 | B8: Bottom Bracket | C8: 470000-EM01-A100 | D8: Mechanical | E8: 200 | F8: 272.65625 | G8: =vlookup($B8,'X1'!$B:$K,6,0) -> 0.28 | H8: =E8*(1+G8) -> 256 | I8: =F8*(1+G8) -> 349 | J8: =(F8-E8)/E8 -> 0.36328125 | K8: 799
A9: 8 | B9: Crank Set | C9: 460000-EM01-A100 | D9: Mechanical | E9: 383.2 | F9: 452.34375 | G9: =vlookup($B9,'X1'!$B:$K,6,0) -> 0.28 | H9: =E9*(1+G9) -> 490.496 | I9: =F9*(1+G9) -> 579 | J9: =(F9-E9)/E9 -> 0.18043776 | K9: 1499
A10: 9 | B10: Pedal set | C10: 411000-EM01-A100 | D10: Mechanical | E10: 136 | F10: 233.59375 | G10: =vlookup($B10,'X1'!$B:$K,6,0) -> 0.28 | H10: =E10*(1+G10) -> 174.08 | I10: =F10*(1+G10) -> 299 | J10: =(F10-E10)/E10 -> 0.7176011 | K10: 799
A11: 10 | B11: Freewheel | C11: 480000-EM01-A100 | D11: Mechanical | E11: 120 | F11: 155.46875 | G11: =vlookup($B11,'X1'!$B:$K,6,0) -> 0.28 | H11: =E11*(1+G11) -> 153.6 | I11: =F11*(1+G11) -> 199 | J11: =(F11-E11)/E11 -> 0.29557292 | K11: 349
A12: 11 | B12: Chain | C12: 490000-EM01-A100 | D12: Mechanical | E12: 92.8 | F12: 155.46875 | G12: =vlookup($B12,'X1'!$B:$K,6,0) -> 0.28 | H12: =E12*(1+G12) -> 118.784 | I12: =F12*(1+G12) -> 199 | J12: =(F12-E12)/E12 -> 0.67530981 | K12: 299
A13: 12 | B13: Kickstand | C13: 170000-EM01-A100 | D13: Mechanical | E13: 119.36 | F13: 194.53125 | G13: =vlookup($B13,'X1'!$B:$K,6,0) -> 0.28 | H13: =E13*(1+G13) -> 152.7808 | I13: =F13*(1+G13) -> 249 | J13: =(F13-E13)/E13 -> 0.62978594 | K13: 599
... A21: 20 | B21: Pedal Assist sensor | C21: 590000-EM01-A100 | D21: Electrical | E21: 508.83152 | F21: 585.15625 | G21: =vlookup($B21,'X1'!$B:$K,6,0) -> 0.28 | H21: =E21*(1+G21) -> 651.30435 | I21: =F21*(1+G21) -> 749 | J21: =(F21-E21)/E21 -> 0.15 | K21: 1299
A22: 21 | B22: Display (With Silicon Cover) | C22: 540000-EM02-A100/524000-EM02-A100 | D22: Electrical | E22: =F22/(1.15) -> 1358.0163 | F22: 1561.7188 | G22: 0.28 | H22: =E22*(1+G22) -> 1738.2609 | I22: =F22*(1+G22) -> 1999 | J22: =(F22-E22)/E22 -> 0.15 | K22: 2999
A23: 22 | B23: Brake lever ( 1 set) | C23: 520000-EM01-A100/530000-EM01-A100 | D23: Electrical | E23: 202 | F23: 272.65625 | G23: 0.28 | H23: =E23*(1+G23) -> 258.56 | I23: =F23*(1+G23) -> 349 | J23: =(F23-E23)/E23 -> 0.34978342 | K23: 599

Sheet EMX
A1: Sr.No. | B1: Item Name | C1: Internal Part Number | D1: Part Type | E1: Dealer Price (Taxable) | F1: Customer Price (Taxable) | G1: GST % | H1: Dealer price (Incl GST) | I1: Cust. (Inc GST) | J1: % margin | K1: MRP
A2: 1 | B2: Shock Absorbers | C2: 120000-M042-A100 | D2: Mechanical | E2: 422.688 | F2: 546.09375 | G2: 0.28 | H2: 541 | I2: 699 | J2: =(I2-H2)/H2 -> 0.29205176 | K2: 1049
A3: 2 | B3: Front Fork | C3: 140000-M042-A100 | D3: Mechanical | E3: 2891.49 | F3: 3614.3625 | G3: 0.28 | H3: 3701.1072 | I3: 4649 | J3: =(I3-H3)/H3 -> 0.2561106 | K3: 5499
A4: 3 | B4: Headset | C4: 300000-M042-A100 | D4: Mechanical | E4: 165.15345 | F4: 233.59375 | G4: 0.28 | H4: 211.39642 | I4: 299 | J4: =(I4-H4)/H4 -> 0.4144043 | K4: 499
A5: 4 | B5: Handlebar | C5: 330000-M042-A100 | D5: Mechanical | E5: 571.9875 | F5: 715 | G5: 0.28 | H5: 732.144 | I5: 915.2 | J5: =(I5-H5)/H5 -> 0.25002732 | K5: 1099
A6: 5 | B6: Stem | C6: 320000-M042-A100 | D6: Mechanical | E6: 330.603 | F6: 429 | G6: 0.28 | H6: 423.17184 | I6: 549 | J6: =(I6-H6)/H6 -> 0.29734531 | K6: 699
A7: 6 | B7: Chainwheel | C7: 460002-M042-A100 | D7: Mechanical | E7: 781.368 | F7: 912 | G7: 0.28 | H7: 1000.151 | I7: 1170 | J7: =(I7-H7)/H7 -> 0.16982331 | K7: 1399
A8: 7 | B8: Bottom Bracket | C8: 470000-M042-A100 | D8: Mechanical | E8: 248.472 | F8: 311.71875 | G8: 0.28 | H8: 318.04416 | I8: 399 | J8: =(I8-H8)/H8 -> 0.25454277 | K8: 599
A9: 8 | B9: Pedal set | C9: 411000-M042-A100 | D9: Mechanical | E9: 321.7725 | F9: 390 | G9: 0.28 | H9: 411.8688 | I9: 499 | J9: =(I9-H9)/H9 -> 0.21155086 | K9: 699
A10: 9 | B10: Flywheel multi | C10: 480000-M042-A100 | D10: Mechanical | E10: 368.34 | F10: 507.03125 | G10: 0.28 | H10: 471.4752 | I10: 649 | J10: =(I10-H10)/H10 -> 0.37653052 | K10: 799
A11: 10 | B11: Front Derailleur | C11: 410000-M042-A100 | D11: Mechanical | E11: 433.02 | F11: 585.15625 | G11: 0.28 | H11: 554.2656 | I11: 749 | J11: =(I11-H11)/H11 -> 0.3513377 | K11: 899
A12: 11 | B12: Rear Derailleur Altus | C12: 400000-M042-A100 | D12: Mechanical | E12: 1512.336 | F12: 1874.2188 | G12: 0.28 | H12: 1935.7901 | I12: 2399 | J12: =(I12-H12)/H12 -> 0.23928727 | K12: 2999
A13: 12 | B13: Rear Derailleur Hanger | C13: 110000-M042-A100 | D13: Mechanical | E13: 144 | F13: 194.53125 | G13: 0.28 | H13: 184.32 | I13: 249 | J13: =(I13-H13)/H13 -> 0.35091146 | K13: 399
... A16: 15 | B16: Gear shift lever Rear | C16: 420000-M042-A100 | D16: Mechanical | E16: 439.383 | F16: 546.09375 | G16: 0.28 | H16: 562.41024 | I16: 699 | J16: =(I16-H16)/H16 -> 0.24286499 | K16: 1099
A17: 16 | B17: Front Brake Calliper | C17: 200000-M042-A100 | D17: Mechanical | E17: 425 | F17: 425 | G17: 0.28 | H17: 544 | I17: 699 | J17: =(H17-I17)/I17 -> -0.22174535 | K17: 1299
A18: 17 | B18: Rear Brake Calliper | C18: 210000-M042-A100 | D18: Mechanical | E18: 425 | F18: 425 | G18: 0.28 | H18: 544 | I18: 699 | J18: =(H18-I18)/I18 -> -0.22174535 | K18: 1299
A19: 18 | B19: front hub | C19: 600001-M042-A100 | D19: Mechanical | E19: 448.224 | F19: 546.09375 | G19: 0.28 | H19: 573.72672 | I19: 699 | J19: =(I19-H19)/H19 -> 0.21835009 | K19: 899
A20: 19 | B20: Tyre 1 Nos | C20: 600008-M042-A100 | D20: Mechanical | E20: 449 | F20: 585.15625 | G20: 0.28 | H20: 574.72 | I20: 749 | J20: =(I20-H20)/H20 -> 0.30324332 | K20: 949
A21: 20 | B21: Inner Tube 1 Nos | C21: 600007-M042-A100 | D21: Mechanical | E21: 1800 | F21: 2000 | G21: 0.28 | H21: 2304 | I21: 2560 | J21: =(I21-H21)/H21 -> 0.11111111 | K21: 3299
A22: 21 | B22: Saddle | C22: 350000-M042-A100 | D22: Mechanical | E22: 450.24 | F22: 546.09375 | G22: 0.28 | H22: 576.3072 | I22: 699 | J22: =(I22-H22)/H22 -> 0.21289479 | K22: 799
A23: 22 | B23: Side Stander | C23: 170000-M042-A100 | D23: Mechanical | E23: 160 | F23: 233.59375 | G23: 0.28 | H23: 204.8 | I23: 299 | J23: =(I23-H23)/H23 -> 0.45996094 | K23: 799
A24: 23 | B24: Mud Guard | D24: Mechanical | E24: 250 | F24: 507.03125 | G24: 0.28 | H24: 320 | I24: 649 | J24: =(I24-H24)/H24 -> 1.028125 | K24: 799
A25: 24 | B25: Chain | C25: 490000-M042-A100 | D25: Mechanical | E25: 140 | F25: 217.96875 | G25: 0.28 | H25: 179.2 | I25: 279 | J25: =(I25-H25)/H25 -> 0.55691964 | K25: 349
A26: 25 | B26: Left Side Brake Lever | C26: 520000-M042-A100 | D26: Electrical | E26: 193 | F26: 233.59375 | G26: 0.28 | H26: 247.04 | I26: 299 | J26: =(I26-H26)/H26 -> 0.21033031 | K26: 399
A27: 26 | B27: Right Side Brake Lever | C27: 530000-M042-A100 | D27: Electrical | E27: 193 | F27: 233.59375 | G27: 0.28 | H27: 247.04 | I27: 299 | J27: =(I27-H27)/H27 -> 0.21033031 | K27: 399
A28: 27 | B28: Rear Drive Motor | C28: 511000-M042-A100 | D28: Electrical | E28: 4975 | F28: 5780.4688 | G28: 0.28 | H28: 6368 | I28: 7399 | J28: =(I28-H28)/H28 -> 0.16190327 | K28: 8199
A29: 28 | B29: Rear Tail Light | C29: 513000-M042-A100 | D29: Electrical | E29: 649 | F29: 741.40625 | G29: 0.28 | H29: 830.72 | I29: 949 | J29: =(I29-H29)/H29 -> 0.14238251 | K29: 1099
A30: 29 | B30: Pedal Assist Sensor | C30: 590000-M042-A100 | D30: Electrical | E30: 509 | F30: 585.15625 | G30: 0.28 | H30: 651.52 | I30: 749 | J30: =(I30-H30)/H30 -> 0.14961935 | K30: 999
A31: 30 | B31: Display M7C | C31: 540000-M042-A100 | D31: Electrical | E31: 2353.47 | F31: 2733.5938 | G31: 0.28 | H31: 3012.4416 | I31: 3499 | J31: =(I31-H31)/H31 -> 0.16151629 | K31: 4599
A32: 31 | B32: Controller | C32: 550000-M042-A100 | D32: Electrical | E32: 2041 | F32: 2342.9688 | G32: 0.28 | H32: 2612.48 | I32: 2999 | J32: =(I32-H32)/H32 -> 0.14795137 | K32: 3999
A33: 32 | B33: Throttle | C33: 500000-M042-A100 | D33: Electrical | E33: 610.7337 | F33: 702.34375 | G33: 0.28 | H33: 781.73913 | I33: 899 | J33: =(I33-H33)/H33 -> 0.15 | K33: 1099

Sheet Head Lights
A1: Sr.no | B1: Light model number | C1: Compatability | D1: Name of light | E1: Internal Part Number | F1: MRP | G1: Customer Price | H1: Dealer Price
A2: 1 | B2: DH004 | C2: EMX, TRex+, X1, X2 | D2: Ray X1 (Light + switch) | E2: 512000-M006-A100/532000-EM01-A100 | F2: 799 | G2: 699 | H2: 399
A3: 2 | B3: DH004 | C3: EMX, TRex+, X1, X2 | D3: Ray X2 (Light ) | E3: 512000-M006-A100 | F3: 799 | G3: 699 | H3: 359
A4: 3 | B4: DH006 | C4: EMX, TRex+, X1, X2 | D4: Beam X1 (Light + switch) | E4: LFT008-ASEM-A100/532000-EM01-A100 | F4: 799 | G4: 799 | H4: 539
A5: 4 | B5: DH006 | C5: EMX, TRex+, X1, X2 | D5: Beam X2 (Light) | E5: LFT008-ASEM-A100 | F5: 799 | G5: 799 | H5: 479
A6: 5 | B6: DH007 | C6: EMX, TRex+, X1, X2 | D6: NA X1 (Light + Switch) | E6: LFT0010-ASEM-A100/532000-EM01-A100 | F6: 1499 | G6: 1199 | H6: 839
A7: 7 | B7: C10 | C7: X3 | D7: Halo (For X3) | E7: LFT009-ASEM-A100 | F7: 1099 | G7: 899 | H7: 659
